sp.coords,nesting_start,nesting_end,tsp_start,tsp_end,tsp_months,nesting_source,nesting_data_location,incubation_length_min,incubation_length_mean,incubation_length_max,incubation_length_source,diapause,aestivation,notes
"Astrochelys_radiata, -24.4213925, 45.2127545",NA,,,,,,,,,,,,,No accurate Tpiv or TRT estimate
"Caretta_caretta, 30.953167, -81.4177315",1-May,31-Aug,16-May,15-Oct,"6,7,8,9","Mrosovsky, N., Hopkins-Murphy, S. R., & Richardson, J. I. (1984). Sex ratio of sea turtles: Seasonal changes. Science, 225(4663), 739-741.",Figure 1C,,58.6,,"Dodd, M. G., Raybould, A. L., & Sorg, B. (2023). Loggerhead turtle nesting in Georgia, 2023. Georgia Department of Natural Resources Wildlife Conservation Section (pp. 1-24).",0,0,
"Caretta_caretta, -24.793935, 152.4418505",20-Oct,10-Mar,4-Nov,24-Apr,"11,12,1,2,3,4","Limpus, C. J. (2008). A biological review of Australian marine turtle species. 1. Loggerhead turtle, Caretta caretta (Linneaus). Environmental Protection Agency, Queensland.",Text,45,55.07982063,70,"Limpus, C. J. (2008). A biological review of Australian marine turtle species. 1. Loggerhead turtle, Caretta caretta (Linneaus). Environmental Protection Agency, Queensland.",0,0,
"Caretta_caretta, -23.44241, 151.915007",20-Oct,10-Mar,4-Nov,24-Apr,"11,12,1,2,3,4","Limpus, C. J. (2008). A biological review of Australian marine turtle species. 1. Loggerhead turtle, Caretta caretta (Linneaus). Environmental Protection Agency, Queensland.",Text,45,55.07982063,70,"Limpus, C. J. (2008). A biological review of Australian marine turtle species. 1. Loggerhead turtle, Caretta caretta (Linneaus). Environmental Protection Agency, Queensland.",0,0,Incubation duration data from nearby Mon Repos
"Caretta_caretta, -26.9830215, 32.8701345",20-Oct,10-Feb,4-Nov,27-Mar,"11,12,1,2,3","Wright, R. V. (2004). Loggerhead (Caretta caretta) and leatherback (Dermochelys coriacea) nesting activity along the Maputaland coast (South Africa) (Unpublished master's thesis, University of Cape Town). Retrieved from https://open.uct.ac.za/server/api/core/bitstreams/70edd8ec-8f7c-4eb5-b4af-752a6cb7b448/content",Figure 7A,58,66.83,82,"Botha, M. (2010). Nest site fidelity and nest site selection of loggerhead, Caretta caretta, and leatherback, Dermochelys coriacea, turtles in Kwazulu-Natal, South Africa (Unpublished MS thesis, Nelson Mandela Metropolitan University). Retrieved from https://core.ac.uk/download/pdf/145048223.pdf",0,0,
"Caretta_caretta, 33.881228, -77.976182",10-May,20-Aug,25-May,4-Oct,"6,7,8,9","DeGregorio, B. A., & Williard, A. S. (2011). Incubation temperatures and metabolic heating of relocated and in situ loggerhead sea turtle (Caretta caretta) nests at a northern rookery. Chelonian Conservation and Biology, 10(1), 54-61.",Text,55,57,61,"DeGregorio, B. A., & Williard, A. S. (2011). Incubation temperatures and metabolic heating of relocated and in situ loggerhead sea turtle (Caretta caretta) nests at a northern rookery. Chelonian Conservation and Biology, 10(1), 54-61.",0,0,
"Caretta_caretta, 30.846982, -81.4425635",1-May,31-Aug,16-May,15-Oct,"6,7,8,9","Dodd, M. G., Raybould, A. L., & Sorg, B. (2023). Loggerhead turtle nesting in Georgia, 2023. Georgia Department of Natural Resources Wildlife Conservation Section (pp. 1-24).",Figure 5,,58.4,,"Dodd, M. G., Raybould, A. L., & Sorg, B. (2023). Loggerhead turtle nesting in Georgia, 2023. Georgia Department of Natural Resources Wildlife Conservation Section (pp. 1-24).",0,0,
"Caretta_caretta, 27.1086425, -80.1377085",1-May,31-Aug,16-May,15-Oct,"6,7,8,9","Engeman, R. M., Martin, R. E., Smith, H. T., Woolard, J., Crady, C. K., Constantin, B., Stahl, M., & Groninger, N. P. (2006). Impact on predation of sea turtle nests when predator control was removed midway through the nesting season. Wildlife Research, 33(3), 187-192.",Table 1,,,,,0,0,
"Caretta_caretta, -12.547789, -37.9949515",20-Aug,10-Mar,4-Sep,24-Apr,"9,10,11,12,1,2,3,4","Marcovaldi, M. A., & Laurent, A. (1996). A six season study of marine turtle nesting at Praia do Forte, Bahia, Brazil, with implications for conservation and management. Chelonian Conservation and Biology, 2(1), 55-59.",Figure 2,,53.2,,"Marcovaldi, M. A., & Laurent, A. (1996). A six season study of marine turtle nesting at Praia do Forte, Bahia, Brazil, with implications for conservation and management. Chelonian Conservation and Biology, 2(1), 55-59.",0,0,
"Caretta_caretta, 31.910647, 131.470805",20-Apr,10-Aug,5-May,24-Sep,"5,6,7,8,9","Matsuzawa, Y. (2006). Nesting beach management of eggs and pre-emergent hatchlings of North Pacific loggerhead sea turtles in Japan. In I. Kinan (Ed.), Proceedings of the Second Western Pacific Sea Turtle Cooperative Research and Management Workshop. Volume II: North Pacific Loggerhead Sea Turtles (pp. 13-22). Western Pacific Regional Fishery Management Council, Honolulu, Hawaii.","Figures 7 & 8, Table 3",,,,,0,0,
"Caretta_caretta, 37.451332, 21.576574",20-May,31-Aug,4-Jun,15-Oct,"6,7,8,9","Margaritoulis, D., & Rees, A. F. (2001). The loggerhead turtle, Caretta caretta, population nesting in Kyparissia Bay, Peloponnesus, Greece: Results of beach surveys over seventeen seasons and determination of the core nesting habitat. Zoology in the Middle East, 24(1), 75-90.",Table 4,,,,,0,0,
"Caretta_caretta, -25.4901295, 112.997201",1-Nov,10-Apr,16-Nov,25-May,"12,1,2,3,4,5","Prince, R. I. T. (1994). Shark Bay World Heritage Area: An important loggerhead nesting site. Marine Turtle Newsletter, 67, 5-6.",Text,,,,,0,0,
"Caretta_caretta, -23.7442075, 113.5620435",NA,,,,,,,,,,,,,No accurate Tpiv or TRT estimate
"Caretta_caretta, 26.361347, -80.068419",20-Apr,31-Aug,5-May,15-Oct,"5,6,7,8,9","Lolavar, A., & Wyneken, J. (2015). Effect of rainfall on loggerhead turtle nest temperatures, sand temperatures and hatchling sex. Endangered Species Research, 28(3), 235-247.",Table 1,46,51.38461538,61,"Lolavar, A., & Wyneken, J. (2015). Effect of rainfall on loggerhead turtle nest temperatures, sand temperatures and hatchling sex. Endangered Species Research, 28(3), 235-247.",0,0,
"Caretta_caretta, 26.876612, -80.051591",20-Apr,31-Aug,5-May,15-Oct,"5,6,7,8,9","Lolavar, A., & Wyneken, J. (2015). Effect of rainfall on loggerhead turtle nest temperatures, sand temperatures and hatchling sex. Endangered Species Research, 28(3), 235-247.",Table 1,45,47,49,"Fleming, K. A. (2019). Effects of in situ incubation temperatures on hatchling loggerhead sea turtle (Caretta caretta) morphology, health indices, and locomotor performance (Unpublished master's thesis, University of South Florida, St. Petersburg). Retrieved from https://digitalcommons.usf.edu/cgi/viewcontent.cgi?article=1176&context=masterstheses",0,0,Incubation duration data are estimated from Figure 3
"Carettochelys_insculpta, -14.225, 131.425",10-Jul,31-Oct,1-Aug,6-Jan,"8,9,10,11,12","Doody, J. S., Georges, A., Young, J. E., Pauza, M. D., Pepper, A. L., Alderman, R. L., & Welsh, M. A. (2001). Embryonic aestivation and emergence behaviour in the pig-nosed turtle, Carettochelys insculpta. Canadian Journal of Zoology, 79(6), 1062-1072.",Text,65,86,109,"Doody, J. S., Georges, A., Young, J. E., Pauza, M. D., Pepper, A. L., Alderman, R. L., & Welsh, M. A. (2001). Embryonic aestivation and emergence behaviour in the pig-nosed turtle, Carettochelys insculpta. Canadian Journal of Zoology, 79(6), 1062-1072.",0,1,Aestivate for an average of 17 days before hatching - subtracting these days from the incubation period does not change the expected TSP months
"Centrochelys_sulcata, 14.920319, 13.53561",1-Sep,31-May,23-Sep,6-Aug,"10,11,12,1,2,3,4,5,6,7","Petrozzi, F., Hema, E. M., Demaya, G. S., Benansio, J. S., Eniang, E. A., Diagne, T., Segniagbeto, G. H., & Luiselli, L. (2020). Centrochelys sulcata (Miller 1779) - African spurred tortoise, grooved tortoise, Sahel tortoise, tortue sillonnée. Chelonian Research Monographs, 5(14), 110.1-110.16.",Text,72,,116,"Ligon, D. B., Bidwell, J. R., & Lovern, M. B. (2009). Incubation temperature effects on hatchling growth and metabolic rate in the African spurred tortoise, Geochelone sulcata. Canadian Journal of Zoology, 87(1), 64-72.",0,0,Rangewide; incubation duration data from constant temperature incubations (28.5-32.5 C)
"Chelonia_mydas, -23.44241, 151.915007",10-Oct,10-Apr,25-Oct,25-May,"11,12,1,2,3,4,5","Limpus, C. J. (2008). A biological review of Australian marine turtle species. 2. Green turtle, Chelonia mydas (Linneaus). Environmental Protection Agency, Queensland.",Text,54,64.5,87,"Limpus, C. J. (2008). A biological review of Australian marine turtle species. 2. Green turtle, Chelonia mydas (Linneaus). Environmental Protection Agency, Queensland.",0,0,
"Chelonia_mydas, 19.327631, -81.255186",20-May,10-Oct,4-Jun,24-Nov,"6,7,8,9,10,11","Bell, C. D., Solomon, J. L., Blumenthal, J. M., Austin, T. J., Ebanks-Petrie, G., Broderick, A. C., & Godley, B. J. (2007). Monitoring and conservation of critically reduced marine turtle nesting populations: lessons from the Cayman Islands. Animal Conservation, 10(1), 39-47.","Figure 2A, Text",,60,,"Bell, C. D., Solomon, J. L., Blumenthal, J. M., Austin, T. J., Ebanks-Petrie, G., Broderick, A. C., & Godley, B. J. (2007). Monitoring and conservation of critically reduced marine turtle nesting populations: lessons from the Cayman Islands. Animal Conservation, 10(1), 39-47.",0,0,Incubation duration data estimated from Figure 2
"Chelonia_mydas, 5.993292, -54.8125825",20-Jan,31-Aug,4-Feb,15-Oct,"2,3,4,5,6,7,8,9","Mrosovsky, N., Dutton, P. H., & Whitmore, C. P. (1984). Sex ratios of two species of sea turtle nesting in Suriname. Canadian Journal of Zoology, 62(11), 2227-2239.",Figure 6,49,,65,"Mrosovsky, N., Dutton, P. H., & Whitmore, C. P. (1984). Sex ratios of two species of sea turtle nesting in Suriname. Canadian Journal of Zoology, 62(11), 2227-2239.",0,0,
"Chelonia_mydas, 27.0974191, 142.2101355",1-May,30-Sep,16-May,14-Nov,"6,7,8,9,10","Kondo, S., Morimoto, Y., Sato, T., & Suganuma, H. (2017). Factors affecting the long-term population dynamics of green turtles (Chelonia mydas) in Ogasawara, Japan: Influence of natural and artificial production of hatchlings and harvest pressure. Chelonian Conservation and Biology, 16(1), 83-92.",Text,59,60.5,63,"Kobayashi, S., Endo, D., Kondo, S., Kitayama, C., Ogawa, R., Arai, K., Watanabe, G., & Kawaguchi, M. (2020). Investigating the effects of nest shading on the green turtle (Chelonia mydas) hatchling phenotype in the Ogasawara islands using a field-based split clutch experiment. Journal of Experimental Zoology, 333(9), 629-636.",0,0,Incubation duration data from unshaded experimental nests
"Chelonia_mydas, 4.156977, 103.414061",1-Jan,31-Dec,16-Jan,14-Feb,"2,3,4,5,6,7,8,9,10,11,12,1","Salleh, S. M., Nishizawa, H., Sah, S. A. M., & Chowdhury, A. J. K. (2020). Reproductive seasonality and environmental effects in green turtle (Chelonia mydas) nesting at Penang Island, Malaysia. Journal of the Marine Biological Association of the United Kingdom, 100, 645-650.",Figure 7,,,,,0,0,Data from population on west coast (vs east coast) of peninsular Malaysia
"Chelonia_mydas, 5.987742, -54.983082",20-Jan,31-Aug,4-Feb,15-Oct,"2,3,4,5,6,7,8,9","Mrosovsky, N., Dutton, P. H., & Whitmore, C. P. (1984). Sex ratios of two species of sea turtle nesting in Suriname. Canadian Journal of Zoology, 62(11), 2227-2239.",Figure 6,49,,65,"Mrosovsky, N., Dutton, P. H., & Whitmore, C. P. (1984). Sex ratios of two species of sea turtle nesting in Suriname. Canadian Journal of Zoology, 62(11), 2227-2239.",0,0,
"Chelonia_mydas, 20.5694525, -157.6830405",NA,,,,,,,,,,,,,No accurate Tpiv or TRT estimate
"Chelonia_mydas, 22.552165, 114.8902205",1-Jun,31-Oct,16-Jun,15-Dec,"7,8,9,10,11","Ng, C. K., Dutton, P. H., Chan, S. K., Cheung, K., Qiu, J., & Sun, Y. (2014). Characterization and conservation concerns of green turtles (Chelonia mydas) nesting in Hong Kong, China. Pacific Science, 68(2), 231-243.",Text,,,,,0,0,Nesting season data from nearby Hong Kong population
"Chelonia_mydas, -7.9221875, -14.4083015",1-Dec,30-Jun,16-Dec,14-Aug,"1,2,3,4,5,6,7","Godley, B. J., Broderick, A. C., Glen, F., & Hays, G. C. (2002). Temperature-dependent sex determination of Ascension Island green turtles. Marine Ecology Progress Series, 226, 115-124.",Figure 4,48,55.875,65,"Godley, B. J., Broderick, A. C., Glen, F., & Hays, G. C. (2002). Temperature-dependent sex determination of Ascension Island green turtles. Marine Ecology Progress Series, 226, 115-124.",0,0,
"Chelonia_mydas, -7.9141665, -14.342282",1-Dec,30-Jun,16-Dec,14-Aug,"1,2,3,4,5,6,7","Godley, B. J., Broderick, A. C., Glen, F., & Hays, G. C. (2002). Temperature-dependent sex determination of Ascension Island green turtles. Marine Ecology Progress Series, 226, 115-124.",Figure 4,48,55.875,65,"Godley, B. J., Broderick, A. C., Glen, F., & Hays, G. C. (2002). Temperature-dependent sex determination of Ascension Island green turtles. Marine Ecology Progress Series, 226, 115-124.",0,0,
"Chelonia_mydas, -21.812, 114.088",1-Nov,10-Mar,16-Nov,24-Apr,"12,1,2,3,4","Whiting, A. U. (2008). Consolidation of the Ningaloo Turtle Program: Development of a statistically robust and cost efficient survey design. Report to the Ningaloo Turtle Program.",Figure 4,,,,,0,0,
"Chelonia_mydas, -16.853, 122.125",1-Nov,20-Mar,16-Nov,4-May,"12,1,2,3,4","Waayers, D. A., Smith, L. M., & Malseed, B. E. (2011). Inter-nesting distribution of green turtles (Chelonia mydas) and flatback turtles (Natator depressus) at the Lacepede Islands, Western Australia. Journal of the Royal Society of Western Australia, 94, 359-364.",Table 1,,,,,0,0,Removed one individual with last potential nesting date in May since it was ~2 months after the last nesting event of most individuals; nesting season data also from Prince (1993) Marine Turtle Newsletter
"Chelonoidis_carbonarius, 7.0915485, -56.1298",1-Jun,31-Mar,16-Jul,13-Aug,"8,9,10,11,12,1,2,3,4,5,6,7","Hernández P., O. E. (1997). Reproducción y crecimiento del morrocoy, Geochelone (Chelonoidis) carbonaria (Spix, 1824) (Reptilia, Testudinidae). Biollania, 13, 165-183.",,124,176.9,228,"Hernández P., O. E. (1997). Reproducción y crecimiento del morrocoy, Geochelone (Chelonoidis) carbonaria (Spix, 1824) (Reptilia, Testudinidae). Biollania, 13, 165-183.",1?,1?,"Incubation duration data from eggs incubated at room temperature; incubation data suggest diapause and/or aestivation, but this could not be accounted for"
"Chelonoidis_niger, -1.377946, -89.6822405",1-Jun,31-Dec,1-Jul,31-Mar,"7,8,9,10,11,12,1,2,3","Buege Donovan, E., Blake, S., Deem, S. L., Moldowan, P. D., Nieto-Claudin, A., Cabrera, F., Peñafiel, C., & Bastille-Rousseau, G. (2024). Using non-continuous accelerometry to identify cryptic nesting events of Galapagos giant tortoises. Animal Biotelemetry, 12, 32.",Text,111,,122,"Sancho, A., Gutzke, W. H. N., Snell, H. L., Rea, S., Wilson, M., & Burke, R. L. (2017). Temperature sex determination, incubation duration, and hatchling sexual dimorphism in the Española giant tortoise (Chelonoidis hoodensis) of the Galápagos Islands. Amphibian & Reptile Conservation, 11(2), 44-50.",0,0,
"Chelydra_rossignonii, 17.4911865, -93.04148575",1-Feb,31-May,23-Feb,6-Aug,"3,4,5,6,7","Legler, J. M., & Vogt, R. C. (2013). The Turtles of Mexico: Land and Freshwater Forms. University of California Press.",Text,75,,103,"Legler, J. M., & Vogt, R. C. (2013). The Turtles of Mexico: Land and Freshwater Forms. University of California Press.",0,0,Incubation duration data from constant temperature incubations (25 & 29 C)
"Chelydra_serpentina, 43.537978, -82.349297",20-May,30-Jun,11-Jun,5-Sep,"6,7,8","Petokas, P. J., & Alexander, M. M. (1980). The nesting of Chelydra serpentina in northern New York. Journal of Herpetology, 14(3), 239-244.",Text,,,,,0,0,"Sex ratio data from Mogul Ed Corp in Wisconsin and wild populations in Syracuse, New York; nesting season data from upstate New York"
"Chelydra_serpentina, 38.6052455, -85.46849",20-Feb,10-Aug,14-Mar,16-Oct,"4,5,6,7,8,9","Ernst, C. H., & Lovich, J. E. (2009) Turtles of the United States and Canada. Johns Hopkins University Press, Baltimore.",Text,55,85.7,125,"Ernst, C. H., & Lovich, J. E. (2009) Turtles of the United States and Canada. Johns Hopkins University Press, Baltimore.",0,0,Rangewide
"Chelydra_serpentina, 42.505177, -100.546163",20-May,30-Jun,11-Jun,5-Sep,"6,7,8","Hedrick, A. R., Greene, D. U., Lewis, E. L., Hood, A. S., & Iverson, J. B. (2021). Climate effects on nesting phenology in Nebraska turtles. Ecology and Evolution, 11, 1225-1239.",Table 2,,,,,0,0,Data from a different Nebraska population
"Chelydra_serpentina, 40.7114365, -74.4717875",20-May,20-Jun,11-Jun,26-Aug,"6,7,8","Hotaling, E. C. (1990). Temperature-dependent sex determination: Factors effecting sex ratio in nests of a New Jersey population of Chelydra serpentina (Unpublished PhD dissertation, Rutgers The State University of New Jersey, Newark, New Jersey). Retrieved from https://www.proquest.com/docview/303881030?pq-origsite=gscholar&fromopenview=true",Table 10,74,,89,"Hotaling, E. C. (1990). Temperature-dependent sex determination: Factors effecting sex ratio in nests of a New Jersey population of Chelydra serpentina (Unpublished PhD dissertation, Rutgers The State University of New Jersey, Newark, New Jersey). Retrieved from https://www.proquest.com/docview/303881030?pq-origsite=gscholar&fromopenview=true",0,0,
"Chelydra_serpentina, 45.591395, -78.5189905",20-May,10-Jul,11-Jun,15-Sep,"6,7,8","Leivesley, J. A., Nancekivell, E. G., Brooks, R. J., Litzgus, J. D., & Rollinson, N. (2022). Long-term resilience of primary sex ratios in a species with temperature-dependent sex determination after decades of climate warming. The American Naturalist, 200(4), 532-543.",Figure 1B,66.3,90,109.2,"Leivesley, J. A., Nancekivell, E. G., Brooks, R. J., Litzgus, J. D., & Rollinson, N. (2022). Long-term resilience of primary sex ratios in a species with temperature-dependent sex determination after decades of climate warming. The American Naturalist, 200(4), 532-543.",0,0,
"Chelydra_serpentina, 39.0422895, -86.2459755",10-May,20-Jun,1-Jun,26-Aug,"6,7,8","Ewert, M. A., Lang, J. W., & Nelson, C. E. (2005). Geographic variation in the pattern of temperature-dependent sex determination in the American snapping turtle (Chelydra serpentina). Journal of Zoology, 265(1), 81-95.",Table 4,90,94,97,"Baker, P. J., Costanzo, J. P., Iverson, J. B., & Lee Jr., R. E. (2013). Seasonality and interspecific and intraspecific asynchrony in emergence from the nest by hatchling freshwater turtles. Canadian Journal of Zoology, 91(7), 451-461.",0,0,Incubation duration data from a different Indiana population
"Chelydra_serpentina, 41.930585, -90.1112055",20-May,10-Jul,11-Jun,15-Sep,"6,7,8","Kolbe, J. J., & Janzen, F. J. (2002). Impact of nest-site selection on nest success and nest temperature in natural and disturbed habitats. Ecology, 83(1), 269-281.",Text,63,66.4375,70,"Kolbe, J. J., & Janzen, F. J. (2002). Impact of nest-site selection on nest success and nest temperature in natural and disturbed habitats. Ecology, 83(1), 269-281.",0,0,
"Chelydra_serpentina, 44.065051, -79.49139",20-May,10-Jul,11-Jun,15-Sep,"6,7,8","Leivesley, J. A., Nancekivell, E. G., Brooks, R. J., Litzgus, J. D., & Rollinson, N. (2022). Long-term resilience of primary sex ratios in a species with temperature-dependent sex determination after decades of climate warming. The American Naturalist, 200(4), 532-543.",Figure 1B,66.3,90,109.2,"Leivesley, J. A., Nancekivell, E. G., Brooks, R. J., Litzgus, J. D., & Rollinson, N. (2022). Long-term resilience of primary sex ratios in a species with temperature-dependent sex determination after decades of climate warming. The American Naturalist, 200(4), 532-543.",0,0,Data from one of the populations represented in these sex ratio data
"Chelydra_serpentina, 47.1935815, -95.221055",1-Jun,10-Jul,23-Jun,15-Sep,"7,8","Ewert, M. A., Lang, J. W., & Nelson, C. E. (2005). Geographic variation in the pattern of temperature-dependent sex determination in the American snapping turtle (Chelydra serpentina). Journal of Zoology, 265(1), 81-95.",Table 4,,59,,"Ewert, M. A., Lang, J. W., & Nelson, C. E. (2005). Geographic variation in the pattern of temperature-dependent sex determination in the American snapping turtle (Chelydra serpentina). Journal of Zoology, 265(1), 81-95.",0,0,Incubation duration data from constant temperature incubation (28 C)
"Chelydra_serpentina, 46.202449, -94.4147375",NA,,,,,,,,,,,,,No accurate Tpiv or TRT estimate
"Chelydra_serpentina, 45.575434, -78.683943",NA,,,,,,,,,,,,,No accurate Tpiv or TRT estimate
"Chelydra_serpentina, 46.0272355, -86.621559",1-Jun,30-Jun,23-Jun,5-Sep,"7,8","Ewert, M. A., Lang, J. W., & Nelson, C. E. (2005). Geographic variation in the pattern of temperature-dependent sex determination in the American snapping turtle (Chelydra serpentina). Journal of Zoology, 265(1), 81-95.",Table 4,,64,,"Ewert, M. A., Lang, J. W., & Nelson, C. E. (2005). Geographic variation in the pattern of temperature-dependent sex determination in the American snapping turtle (Chelydra serpentina). Journal of Zoology, 265(1), 81-95.",0,0,Incubation duration data from constant temperature incubation (28 C)
"Chelydra_serpentina, 32.6390315, -92.5755055",1-May,31-May,23-May,6-Aug,"6,7","Ewert, M. A., Lang, J. W., & Nelson, C. E. (2005). Geographic variation in the pattern of temperature-dependent sex determination in the American snapping turtle (Chelydra serpentina). Journal of Zoology, 265(1), 81-95.",Table 4,,78,,"Ewert, M. A., Lang, J. W., & Nelson, C. E. (2005). Geographic variation in the pattern of temperature-dependent sex determination in the American snapping turtle (Chelydra serpentina). Journal of Zoology, 265(1), 81-95.",0,0,Incubation duration data from constant temperature incubation (28 C)
"Chelydra_serpentina, 29.9251295, -85.0121755",20-Apr,20-May,12-May,26-Jul,"5,6,7","Ewert, M. A., Lang, J. W., & Nelson, C. E. (2005). Geographic variation in the pattern of temperature-dependent sex determination in the American snapping turtle (Chelydra serpentina). Journal of Zoology, 265(1), 81-95.",Table 4,,79,,"Ewert, M. A., Lang, J. W., & Nelson, C. E. (2005). Geographic variation in the pattern of temperature-dependent sex determination in the American snapping turtle (Chelydra serpentina). Journal of Zoology, 265(1), 81-95.",0,0,Incubation duration data from constant temperature incubation (28 C)
"Chelydra_serpentina, 26.4088845, -80.8418345",10-Feb,10-May,4-Mar,16-Jul,"3,4,5,6","Ewert, M. A., Lang, J. W., & Nelson, C. E. (2005). Geographic variation in the pattern of temperature-dependent sex determination in the American snapping turtle (Chelydra serpentina). Journal of Zoology, 265(1), 81-95.",Table 4,80,,102,"Aresco, M. J., Ewert, M. A., Gunzburger, M. S., Heinrich, G. L., & Meylan, P. A. (2006). Chelydra serpentina - Snapping turtle. Chelonian Research Monographs, 3, 44-57.",0,0,Incubation duration data are estimates
"Chelydra_serpentina, 41.459738, -92.775731",1-Jun,30-Jun,23-Jun,5-Sep,"7,8","Lott, D. B. (1998). Egg water exchange and temperature dependent sex determination in the common snapping turtle Chelydra serpentina (PhD dissertation, Iowa State University, Ames, Iowa). Retrieved from https://www.proquest.com/docview/304428811?pq-origsite=gscholar&fromopenview=true",Text,,,,,0,0,Data from a different Iowa population
"Chelydra_serpentina, 33.064166, -96.9547185",20-May,30-Jun,11-Jun,5-Sep,"6,7,8","Iverson, J. B., Higgins, H., Sirulnik, A., & Griffiths, C. (1997). Local and geographic variation in the reproductive biology of the snapping turtle (Chelydra serpentina). Herpetologica, 53(1), 96-117.",Table 4,,80,,"Rhen, T., Fagerlie, R., Schroeder, A., Crossley II, D. A., & Lang, J. W. (2015). Molecular and morphological differentiation of testes and ovaries in relation to the thermosensitive period of gonad development in the snapping turtle, Chelydra serpentina. Differentiation, 89(1-2), 31-41.",0,0,"Incubation duration estimated from Minnesota data in Ewert et al. (2005) and statement that ""total incubation period is 1.3-1.4 times as long in Texas turtles as in Minnesota turtles at any given temperature"" in Rhen et al. (2015) Differentiation"
"Chrysemys_dorsalis, 36.4167875, -89.378776",20-May,31-Jul,4-Jun,14-Sep,"6,7,8","Cagle, F. R. (1954). Observations on the life cycles of painted turtles (Genus Chrysemys). American Midland Naturalist, 52(1), 225-235.",Text,,,,,0,0,See also Moll (1973) Herpetologica
"Chrysemys_picta, 43.6674155, -91.254388",20-May,31-Jul,4-Jun,14-Sep,"6,7,8","Moll, E. O. (1973). Latitudinal and intersubspecific variation in reproduction of the painted turtle, Chrysemys picta. Herpetologica, 29(4), 307-318.",Text,,,,,0,0,
"Chrysemys_picta, 42.5707835, -100.691453",20-May,10-Jul,4-Jun,24-Aug,"6,7,8","Hedrick, A. R., Greene, D. U., Lewis, E. L., Hood, A. S., & Iverson, J. B. (2021). Climate effects on nesting phenology in Nebraska turtles. Ecology and Evolution, 11, 1225-1239.",Table 3,,,,,0,0,Data from a different Nebraska population
"Chrysemys_picta, 45.578876, -78.6886145",1-Jun,20-Jul,16-Jun,3-Sep,"7,8","Schwarzkopf, L., & Brooks, R. J. (1985). Sex determination in northern painted turtles: Effect of incubation at constant and fluctuating temperatures. Canadian Journal of Zoology, 63(11), 2543-2547.",Text,,,,,0,0,
"Chrysemys_picta, 41.675582, -102.277737",20-May,10-Jul,4-Jun,24-Aug,"6,7,8","Hedrick, A. R., Greene, D. U., Lewis, E. L., Hood, A. S., & Iverson, J. B. (2021). Climate effects on nesting phenology in Nebraska turtles. Ecology and Evolution, 11, 1225-1239.",Table 3,,,,,0,0,
"Chrysemys_picta, 39.0422895, -86.2459755",20-May,10-Jul,4-Jun,24-Aug,"6,7,8","Baker, P. J., Costanzo, J. P., Iverson, J. B., & Lee Jr., R. E. (2013). Seasonality and interspecific and intraspecific asynchrony in emergence from the nest by hatchling freshwater turtles. Canadian Journal of Zoology, 91(7), 451-461.",Figure 1,68,90,124,"Baker, P. J., Costanzo, J. P., Iverson, J. B., & Lee Jr., R. E. (2013). Seasonality and interspecific and intraspecific asynchrony in emergence from the nest by hatchling freshwater turtles. Canadian Journal of Zoology, 91(7), 451-461.",0,0,Data from a different Indiana population; fall emergence taken as incubation time
"Chrysemys_picta, 46.0272355, -86.621559",NA,,,,,,,,,,,,,No accurate Tpiv or TRT estimate
"Chrysemys_picta, 48.9889535, -100.317363",20-May,10-Jul,4-Jun,24-Aug,"6,7,8","Rhen, T., & Lang, J. W. (1998). Among-family variation for environmental sex determination in reptiles. Evolution, 52(5), 1514-1520.",,,,,,0,0,Assumed collection period was during peak nesting activity
"Chrysemys_picta, 41.94912, -90.116649",20-May,30-Jun,4-Jun,14-Aug,"6,7","Murphy, K. M., Bodensteiner, B. L., Delaney, D. M., Strickland, J. T., & Janzen, F. J. (2020). Nest temperatures predict nest emergence of painted turtle (Chrysemys picta) offspring. Chelonian Conservation and Biology, 19(1), 72-77.",Text,74,76.4,85,"Mitchell, T. S., & Janzen, F. J. (2019). Substrate influences turtle nest temperature, incubation period, and offspring sex ratio in the field. Herpetologica, 75(1), 57-62.",0,0,
"Chrysemys_picta, 40.4619, -89.9236",20-May,30-Jun,4-Jun,14-Aug,"6,7","Les, H. L., Paitz, R. T., & Bowden, R. M. (2007). Experimental test of the effects of fluctuating incubation temperatures on hatchling phenotype. Journal of Experimental Zoology, 307A, 274-280.",Text,,56,,"Les, H. L., Paitz, R. T., & Bowden, R. M. (2007). Experimental test of the effects of fluctuating incubation temperatures on hatchling phenotype. Journal of Experimental Zoology, 307A, 274-280.",0,0,Incubation duration data from constant temperature incubation (28.5 C)
"Chrysemys_picta, 42.597659, -94.1453835",20-Apr,20-Jul,5-May,3-Sep,"5,6,7,8","Ernst, C. H., & Lovich, J. E. (2009) Turtles of the United States and Canada. Johns Hopkins University Press, Baltimore.",Text,62,70,80,"Ernst, C. H., & Lovich, J. E. (2009) Turtles of the United States and Canada. Johns Hopkins University Press, Baltimore.",0,0,Rangewide
"Chrysemys_picta, 47.377306, -116.763457",20-May,10-Jul,4-Jun,24-Aug,"6,7,8","Lindeman, P. V. (1992). Nest-site fixity among painted turtles (Chrysemys picta) in northern Idaho. Northwestern Naturalist, 73(1), 27-30.",Text,,,88,"Lindeman, P. V. (1991). Survivorship of overwintering hatchling painted turtles, Chrysemys picta, in northern Idaho. Canadian Field-Naturalist, 105(2), 263-266.",0,0,Data from a different Idaho population
"Chrysemys_picta, 38.495576, -96.335731",20-May,10-Jul,4-Jun,24-Aug,"6,7,8",,,,,,,0,0,Data assumed based on most C. picta populations
"Chrysemys_picta, 46.956396, -95.651903",20-May,30-Jun,4-Jun,14-Aug,"6,7","Refsnider, J. M., Milne-Zelman, C., Warner, D. A., & Janzen, F. J. (2014). Population sex ratios under differing local climates in a reptile with environmental sex determination. Evolutionary Ecology, 28(5), 977-989.",Table 1,55,,85,"Refsnider, J. M., Milne-Zelman, C., Warner, D. A., & Janzen, F. J. (2014). Population sex ratios under differing local climates in a reptile with environmental sex determination. Evolutionary Ecology, 28(5), 977-989.",0,0,
"Chrysemys_picta, 33.804574, -106.891015",20-May,31-Jul,4-Jun,14-Sep,"6,7,8","Christiansen, J. L., & Moll, E. O. (1973). Latitudinal reproductive variation within a single subspecies of painted turtle, Chrysemys picta bellii. Herpetologica, 29(2), 152-163.",Text,55,,85,"Refsnider, J. M., Milne-Zelman, C., Warner, D. A., & Janzen, F. J. (2014). Population sex ratios under differing local climates in a reptile with environmental sex determination. Evolutionary Ecology, 28(5), 977-989.",0,0,
"Chrysemys_picta, 45.616275, -122.720577",20-May,30-Jun,4-Jun,14-Aug,"6,7","Delaney, D. M., Janzen, F. J., & Warner, D. A. (2017). Nesting stage and distance to refuge influence terrestrial nesting behavior of painted turtles (Chrysemys picta). Canadian Journal of Zoology, 95, 837-841.",Text,,,,,0,0,
"Chrysemys_picta, 37.223365, -80.484596",NA,,,,,,,,,,,,,No accurate Tpiv or TRT estimate
"Clemmys_guttata, 36.864652, -79.0698825",1-May,20-Jul,16-May,3-Sep,"6,7,8","Litzgus, J. D., & Mousseau, T. A. (2004). Home range and seasonal activity of southern spotted turtles (Clemmys guttata): Implications for management. Copeia, 2004(4), 804-817.",Text,50,67.3,90,"Ernst, C. H., & Lovich, J. E. (2009) Turtles of the United States and Canada. Johns Hopkins University Press, Baltimore.",0,0,Rangewide
"Cuora_flavomarginata, 27.3406615, 116.0450215",20-May,31-Jul,11-Jun,6-Oct,"6,7,8,9","Ota, H., Yasukawa, Y., Fu, J., & Chen, T.-H. (2009). Cuora flavomarginata (Gray 1863) - Yellow-margined box turtle. Chelonian Research Monographs, 5, 35.1-35.10.",Text,,80,,"Ota, H., Yasukawa, Y., Fu, J., & Chen, T.-H. (2009). Cuora flavomarginata (Gray 1863) - Yellow-margined box turtle. Chelonian Research Monographs, 5, 35.1-35.10.",0,0,Rangewide
"Deirochelys_reticularia, 27.7713485, -83.832646",1-Apr,30-Apr,23-Apr,6-Jul,"5,6","Jackson, D. R. (1988). Reproductive strategies of sympatric freshwater emydid turtles in northern peninsular Florida. Bulletin of the Florida State Museum, Biological Sciences, 33(3), 113-158.",Figure 2,,81,,"Jackson, D. R. (1988). Reproductive strategies of sympatric freshwater emydid turtles in northern peninsular Florida. Bulletin of the Florida State Museum, Biological Sciences, 33(3), 113-158.",1,0,Incubation duration data from constant temperature incubation (28 C); data from Buhlmann et al. (2009) Herpetologica indicate all eggs remain in diapause until April - adjusted TSP months accordingly
"Dermatemys_mawii, 17.4911865, -93.04148575",20-Mar,10-Apr,11-Apr,16-Jun,"4,5","Legler, J. M., & Vogt, R. C. (2013). The Turtles of Mexico: Land and Freshwater Forms. University of California Press.",Text,217,,300,"Legler, J. M., & Vogt, R. C. (2013). The Turtles of Mexico: Land and Freshwater Forms. University of California Press.",1,1,Incubation duration data from Belize; see Vogt et al. (2011) Chelonian Research Monographs for selection of TSP months accounting for embryonic diapause
"Dermochelys_coriacea, 5.74516, -53.9439705",1-Apr,20-Aug,16-Apr,4-Oct,"5,6,7,8,9","Girondot, M., & Fretey, J. (1996). Leatherback turtles, Dermochelys coriacea, nesting in French Guiana, 1978-1995. Chelonian Conservation and Biology, 2(2), 204-208.",Figure 3,58,64,68,"Dutton, P. H., Whitmore, C. P., & Mrosovsky, N. (1985). Masculinisation of leatherback turtle Dermochelys coriacea hatchlings from eggs incubated in styrofoam boxes. Biological Conservation, 31(3), 249-264.",0,0,Incubation duration data from Suriname
"Dermochelys_coriacea, 10.324002, -85.845952",1-Sep,30-Apr,16-Sep,14-Jun,"10,11,12,1,2,3,4,5","Reina, R. D., Mayor, P. A., Spotila, J. R., Piedra, R., & Paladino, F. V. (2002). Nesting ecology of the leatherback turtle, Dermochelys coriacea, at Parque Nacional Marino Las Baulas, Costa Rica: 1988-1989 to 1999-2000. Copeia, 2002(2), 653-664.",Figure 1,,60,,"Bilinski, J. J., Reina, R. D., Spotila, J. R., & Paladino, F. V. (2001). The effects of nest environment on calcium mobilization by leatherback turtle embryos (Dermochelys coriacea) during development. Comparative Biochemistry and Physiology Part A, 130(1), 151-162.",0,0,
"Emys_blandingii, 42.9949625, -85.55171",10-May,10-Jul,1-Jun,15-Sep,"6,7,8","Congdon, J. D., Nagle, R. D., Kinney, O. M., Osenioski, M., Avery, H. W., van Loben Sels, R. C., & Tinkle, D. W. (2000). Nesting ecology and embryo mortality: Implications for hatchling success and demography of Blanding's turtles (Emydoidea blandingii). Chelonian Conservation and Biology, 3(4), 569-579.",Text,65,85,110,"Congdon, J. D., Nagle, R. D., Kinney, O. M., Osenioski, M., Avery, H. W., van Loben Sels, R. C., & Tinkle, D. W. (2000). Nesting ecology and embryo mortality: Implications for hatchling success and demography of Blanding's turtles (Emydoidea blandingii). Chelonian Conservation and Biology, 3(4), 569-579.",0,0,Data from E. S. George Reserve population in Michigan
"Emys_blandingii, 42.018362, -101.633652",1-Jun,10-Jul,23-Jun,15-Sep,"7,8","Rowe, J. W. (1992). Observations of body size, growth, and reproduction in Blanding's turtle (Emydoidea blandingii) from western Nebraska. Canadian Journal of Zoology, 70(9), 1690-1695.",Text,,,,,0,0,
"Emys_marmorata, 41.660187, -122.360231",1-May,20-Jul,23-May,25-Sep,"6,7,8,9","Rosenberg, D., Gervais, J., Vesely, D., Barnes, S., Holts, L., Horn, R., Swift, R., Todd, L., & Yee, C. (2009). Conservation assessment of the western pond turtle in Oregon (Actinemys marmorata). Oregon Wildlife Institute, Corvallis, Oregon.",Text,87,92.1,,"Rosenberg, D., Gervais, J., Vesely, D., Barnes, S., Holts, L., Horn, R., Swift, R., Todd, L., & Yee, C. (2009). Conservation assessment of the western pond turtle in Oregon (Actinemys marmorata). Oregon Wildlife Institute, Corvallis, Oregon.",0,0,Data from populations in Oregon and Washington
"Emys_marmorata, 38.8864, -122.7808333",1-Jun,10-Jul,23-Jun,15-Sep,"6,7,8","Geist, N. R., Dallara, Z., & Gordon, R. (2015). The role of incubation temperature and clutch effects in development and phenotype of head-started western pond turtles (Emys marmorata). Herpetological Conservation and Biology, 10(1), 489-503.",Text,,84,,"Geist, N. R., Dallara, Z., & Gordon, R. (2015). The role of incubation temperature and clutch effects in development and phenotype of head-started western pond turtles (Emys marmorata). Herpetological Conservation and Biology, 10(1), 489-503.",0,0,Incubation duration data from constant temperature incubation (28 C)
"Emys_orbicularis, 46.660345, 1.2430905",20-May,10-Jul,11-Jun,15-Sep,"6,7,8","Pieau, C. (1982). Modalities of the action of temperature on sexual differentiation in field-developing embryos of the European pond turtle Emys orbicularis (Emydidae). Journal of Experimental Zoology, 220, 353-360.",Text,,105,,"Pieau, C. (1982). Modalities of the action of temperature on sexual differentiation in field-developing embryos of the European pond turtle Emys orbicularis (Emydidae). Journal of Experimental Zoology, 220, 353-360.",0,0,Incubation duration data from experimental series 2
"Eretmochelys_imbricata, 17.155416, -61.76086",1-May,30-Nov,16-May,14-Jan,"6,7,8,9,10,11,12","Allen, J., Munhofen, J., & Ramirez, S. (2008). Tagging and nesting research on hawksbill turtles (Eretmochelys imbricata) at Jumby Bay, Long Island, Antigua, West Indies: 2007 Annual Report. Wider Caribbean Sea Turtle Conservation Network (WIDECAST).",Figure 2,,60,,"Allen, J., Munhofen, J., & Ramirez, S. (2008). Tagging and nesting research on hawksbill turtles (Eretmochelys imbricata) at Jumby Bay, Long Island, Antigua, West Indies: 2007 Annual Report. Wider Caribbean Sea Turtle Conservation Network (WIDECAST).",0,0,
"Eretmochelys_imbricata, -12.809512, -38.208716",1-Oct,30-Apr,16-Oct,14-Jun,"11,12,1,2,3,4,5","Marcovaldi, M. A., Vieitas, C. F., & Godfrey, M. H. (1999). Nesting and conservation management of hawksbill turtles (Eretmochelys imbricata) in northern Bahia, Brazil. Chelonian Conservation and Biology, 3(2), 301-307.",Figure 3,,53,,"Marcovaldi, M. A., Vieitas, C. F., & Godfrey, M. H. (1999). Nesting and conservation management of hawksbill turtles (Eretmochelys imbricata) in northern Bahia, Brazil. Chelonian Conservation and Biology, 3(2), 301-307.",0,0,
"Eretmochelys_imbricata, -12.672345, -38.087919",1-Oct,30-Apr,16-Oct,14-Jun,"11,12,1,2,3,4,5","Marcovaldi, M. A., Vieitas, C. F., & Godfrey, M. H. (1999). Nesting and conservation management of hawksbill turtles (Eretmochelys imbricata) in northern Bahia, Brazil. Chelonian Conservation and Biology, 3(2), 301-307.",Figure 3,,53,,"Marcovaldi, M. A., Vieitas, C. F., & Godfrey, M. H. (1999). Nesting and conservation management of hawksbill turtles (Eretmochelys imbricata) in northern Bahia, Brazil. Chelonian Conservation and Biology, 3(2), 301-307.",0,0,
"Eretmochelys_imbricata, 18.087632, -67.89463",10-Jul,20-Dec,25-Jul,3-Feb,"8,9,10,11,12,1","Diez, C. E., & van Dam, R. P. (2023). Mona and Monito Island, Puerto Rico Marine Turtle Research Project: Hawksbill Nest Monitoring 2022 Report. Mona Island Hawksbill Research Group.",Text,,,,,0,0,
"Eretmochelys_imbricata, -11.169698, 143.0155025",20-Nov,10-Apr,5-Dec,25-May,"12,1,2,3,4,5","Loop, K. A. (1996). Hawksbill turtle (Eretmochelys imbricata) nesting at Milman Island, Queensland, Australia (Unpublished PhD dissertation, Texas A&M University, College Station, Texas). Retrieved from https://www.proquest.com/docview/304358389?pq-origsite=gscholar&fromopenview=true&sourcetype=Dissertations%20&%20Theses",Figure 5.2,,58.5,,"Loop, K. A. (1996). Hawksbill turtle (Eretmochelys imbricata) nesting at Milman Island, Queensland, Australia (Unpublished PhD dissertation, Texas A&M University, College Station, Texas). Retrieved from https://www.proquest.com/docview/304358389?pq-origsite=gscholar&fromopenview=true&sourcetype=Dissertations%20&%20Theses",0,0,
"Geochelone_elegans, 16.7827945, 76.7525175",NA,,,,,,,,,,,,,No accurate Tpiv or TRT estimate
"Geochelone_platynota, 22.00165, 95.308987",NA,,,,,,,,,,,,,No accurate Tpiv or TRT estimate
"Gopherus_agassizii, 35.026973, -115.827085",10-Apr,31-Aug,2-May,6-Nov,"5,6,7,8,9,10","Ernst, C. H., & Lovich, J. E. (2009) Turtles of the United States and Canada. Johns Hopkins University Press, Baltimore.",Text,90,,120,"Ernst, C. H., & Lovich, J. E. (2009) Turtles of the United States and Canada. Johns Hopkins University Press, Baltimore.",0,0,Rangewide
"Gopherus_polyphemus, 32.4990205, -81.206564",20-May,30-Jun,11-Jun,5-Sep,"6,7,8","Burke, R. L., Ewert, M. A., McLemore, J. B., & Jackson, D. R. (1996). Temperature-dependent sex determination and hatching success in the gopher tortoise (Gopherus polyphemus). Chelonian Conservation and Biology, 2(1), 86-88.",Text,,110,,"Diemer, J. E. (1986). The ecology and management of the gopher tortoise in the southeastern United States. Herpetologica, 42(1), 125-133.",0,0,
"Gopherus_polyphemus, 28.700824, -80.735199",1-May,30-Jun,23-May,5-Sep,"6,7,8","Demuth, J. P. (2001). The effects of constant and fluctuating incubation temperatures on sex determination, growth, and performance in the tortoise Gopherus polyphemus. Canadian Journal of Zoology, 79(9), 1609-1620.",Text,80,85,90,"Diemer, J. E. (1986). The ecology and management of the gopher tortoise in the southeastern United States. Herpetologica, 42(1), 125-133.",0,0,
"Graptemys_caglei, 29.092617, -97.2787635",20-Mar,31-Aug,4-Apr,15-Oct,"4,5,6,7,8,9","Killebrew, F. C., & Babitzke, J. B. (1996). Population analysis and nesting study of Cagle's map turtle. U.S. Fish and Wildlife Service Report.",Text,58,62,71,"Killebrew, F. C., & Babitzke, J. B. (1996). Population analysis and nesting study of Cagle's map turtle. U.S. Fish and Wildlife Service Report.",0,0,
"Graptemys_geographica, 43.6674155, -91.254388",20-May,30-Jun,4-Jun,14-Aug,"6,7","Vogt, R. C., & Bull, J. J. (1984). Ecology of hatchling sex ratio in map turtles. Ecology, 65(2), 582-587.",Text,52,,85,"Vogt, R. C., & Bull, J. J. (1984). Ecology of hatchling sex ratio in map turtles. Ecology, 65(2), 582-587.",0,0,
"Graptemys_ouachitensis, 43.6674155, -91.254388",20-May,30-Jun,4-Jun,14-Aug,"6,7","Vogt, R. C., & Bull, J. J. (1984). Ecology of hatchling sex ratio in map turtles. Ecology, 65(2), 582-587.",Text,52,,85,"Vogt, R. C., & Bull, J. J. (1984). Ecology of hatchling sex ratio in map turtles. Ecology, 65(2), 582-587.",0,0,
"Graptemys_pseudogeographica, 43.6674155, -91.254388",20-May,30-Jun,4-Jun,14-Aug,"6,7","Vogt, R. C., & Bull, J. J. (1984). Ecology of hatchling sex ratio in map turtles. Ecology, 65(2), 582-587.",Text,52,,85,"Vogt, R. C., & Bull, J. J. (1984). Ecology of hatchling sex ratio in map turtles. Ecology, 65(2), 582-587.",0,0,
"Graptemys_pseudogeographica, 36.4167875, -89.378776",1-Jun,30-Jun,16-Jun,14-Aug,7,"Freedberg, S. (2020). Long-term nest-site fidelity in the Mississippi map turtle, Graptemys pseudogeographica kohnii. Chelonian Conservation and Biology, 19(2), 305-308.",,,,,,0,0,
"Graptemys_versa, 30.403128, -98.378295",20-Feb,30-Jun,7-Mar,14-Aug,"3,4,5,6,7","Ernst, C. H., & Lovich, J. E. (2009) Turtles of the United States and Canada. Johns Hopkins University Press, Baltimore.",Text,,,,,0,0,Nesting season data from captive turtles at the Columbus Zoo
"Heosemys_grandis, 9.929448, 102.2701795",1-Nov,20-Mar,23-Nov,26-May,"12,1,2,3,4,5","Goode, J. M., & Ewert, M. A. (2006). Reproductive trends in captive Heosemys grandis (Geoemydidae). Chelonian Conservation and Biology, 5(1), 165-169.",Text,85,89.4,98,"Goode, J. M., & Ewert, M. A. (2006). Reproductive trends in captive Heosemys grandis (Geoemydidae). Chelonian Conservation and Biology, 5(1), 165-169.",0,0,Data from captive population; incubation duration data from constant temperature incubation (30 C)
"Kinosternon_baurii, 26.4088845, -80.8418345",20-Apr,10-Jul,20-May,8-Oct,"6,7,8,9","Wilson, D. S., Mushinsky, H. R., & McCoy, E. D. (1999). Nesting behavior of the striped mud turtle, Kinosternon baurii (Testudines: Kinosternidae). Copeia, 1999(4), 958-968.",Figure 1,120,,150,"Wilson, D. S., Mushinsky, H. R., & McCoy, E. D. (1999). Nesting behavior of the striped mud turtle, Kinosternon baurii (Testudines: Kinosternidae). Copeia, 1999(4), 958-968.",1,0,Nesting season and incubation durations are adjusted to remove early embryonic diapause
"Kinosternon_baurii, 29.9251295, -85.0121755",NA,,,,,,,,,,,,,No accurate Tpiv or TRT estimate
"Kinosternon_creaseri, 19.6773545, -88.741656",NA,,,,,,,,,,,,,No accurate Tpiv or TRT estimate
"Kinosternon_flavescens, 40.635338, -99.870176",NA,,,,,,,,,,,,,No accurate Tpiv or TRT estimate
"Kinosternon_flavescens, 41.675582, -102.277737",20-May,10-Jul,11-Jun,15-Sep,"6,7,8","Iverson, J. B., & Christiansen, J. L. (2023). Kinosternon flavescens (Agassiz 1857) - Yellow mud turtle, casquito amarillo. Chelonian Research Monographs, 5(17), 121.1-121.26.",Text,89,103,125,"Iverson, J. B., & Christiansen, J. L. (2023). Kinosternon flavescens (Agassiz 1857) - Yellow mud turtle, casquito amarillo. Chelonian Research Monographs, 5(17), 121.1-121.26.",0,0,Data from a different population in Nebraska; Incubation duration data from constant temperature incubations (27-28 C)
"Kinosternon_hirtipes, 29.3462675, -106.4159525",1-May,10-Sep,22-Jun,14-Feb,"7,8,9,10,11,12,1","Iverson, J. B., Barthelmess, E. L., Smith, G. R., & deRivera, C. E. (1991). Growth and reproduction in the mud turtle Kinosternon hirtipes in Chihuahua, México. Journal of Herpetology, 25(1), 64-72.",Text,196,,201,"Iverson, J. B., Barthelmess, E. L., Smith, G. R., & deRivera, C. E. (1991). Growth and reproduction in the mud turtle Kinosternon hirtipes in Chihuahua, México. Journal of Herpetology, 25(1), 64-72.",1,0,Incubation duration data from constant (?) temperature incubation (29 C) - unable to account for timing of diapause or aestivation
"Kinosternon_leucostomum, 17.4911865, -93.04148575",20-Aug,31-May,11-Sep,6-Aug,"9,10,11,12,1,2,3,4,5,6,7","Legler, J. M., & Vogt, R. C. (2013). The Turtles of Mexico: Land and Freshwater Forms. University of California Press.",Text,90,,265,"Legler, J. M., & Vogt, R. C. (2013). The Turtles of Mexico: Land and Freshwater Forms. University of California Press.",1,1,"Used minimum incubation duration for calculating TSP months; embryonic diapause can cease at varying times, while aestivation occurs until rains in June/July"
"Kinosternon_leucostomum, 8.813487, -84.9906775",NA,,,,,,,,,,,,,No accurate Tpiv or TRT estimate
"Kinosternon_scorpioides, 19.019158, -93.0359735",20-Aug,10-Jun,11-Sep,16-Aug,"9,10,11,12,1,2,3,4,5,6,7","Berry, J. F., & Iverson, J. B. (2011). Kinosternon scorpioides (Linnaeus 1766) - Scorpion mud turtle. Chelonian Research Monographs, 5, 63.1-63.15.",Text,78,,266,"Berry, J. F., & Iverson, J. B. (2011). Kinosternon scorpioides (Linnaeus 1766) - Scorpion mud turtle. Chelonian Research Monographs, 5, 63.1-63.15.",1,1,Treated same as K. leucostomum
"Kinosternon_sonoriense, 31.670174, -111.5118865",1-May,31-May,23-May,6-Aug,"6,7","Legler, J. M., & Vogt, R. C. (2013). The Turtles of Mexico: Land and Freshwater Forms. University of California Press.",Text,,80,,"Legler, J. M., & Vogt, R. C. (2013). The Turtles of Mexico: Land and Freshwater Forms. University of California Press.",1,0,Development for all eggs resumes in ~May after an extended (~9 month) diapause - TSP months reflect this
"Kinosternon_stejnegeri, 30.150685, -111.4038485",1-Jul,20-Aug,31-Jul,18-Nov,"8,9,10","Legler, J. M., & Vogt, R. C. (2013). The Turtles of Mexico: Land and Freshwater Forms. University of California Press.",Text,122,,134,"Legler, J. M., & Vogt, R. C. (2013). The Turtles of Mexico: Land and Freshwater Forms. University of California Press.",0,1,Incubation duration data from constant temperature incubation (25 C); thought to finish development then aestivate until the following rainy season (July/August)
"Kinosternon_subrubrum, 32.2377005, -94.1030405",10-Jan,30-Nov,1-Feb,5-Feb,"2,3,4,5,6,7,8,9,10,11,12,1","Anderson, N. J., & Horne, B. D. (2009). Observations on the nesting ecology of the Mississippi mud turtle, Kinosternon subrubrum hippocrepis Gray. Southeastern Naturalist, 8(3), 563-565.",Text,,100,,"Meshaka Jr., W. E., Gibbons, J. W., Hughes, D. F., Klemens, M. W., & Iverson, J. B. (2017). Kinosternon subrubrum (Bonnaterre 1789) - Eastern mud turtle. Chelonian Research Monographs, 5(10), 101.1-101.16.",0,0,
"Kinosternon_subrubrum, 32.9534275, -82.9752375",1-Jan,31-Dec,23-Jan,8-Mar,"2,3,4,5,6,7,8,9,10,11,12,1","Meshaka Jr., W. E., Gibbons, J. W., Hughes, D. F., Klemens, M. W., & Iverson, J. B. (2017). Kinosternon subrubrum (Bonnaterre 1789) - Eastern mud turtle. Chelonian Research Monographs, 5(10), 101.1-101.16.",Text,,100,,"Meshaka Jr., W. E., Gibbons, J. W., Hughes, D. F., Klemens, M. W., & Iverson, J. B. (2017). Kinosternon subrubrum (Bonnaterre 1789) - Eastern mud turtle. Chelonian Research Monographs, 5(10), 101.1-101.16.",0,0,
"Lepidochelys_olivacea, 10.804177, -85.699121",20-Jul,10-Feb,4-Aug,27-Mar,"8,9,10,11,12,1,2,3","Fonseca, L. G., Villachica, W. N., Rangel, E., Palola, E., Gilbert, M., & Valverde, R. A. (2023). Reassessment of the olive ridley sea turtle Lepidochelys olivacea nesting population at Nancite Beach, Costa Rica. Marine Ecology, 44(6), e12761.",Table 1,44,,55,"Honarvar, S. (2007). Nesting ecology of olive ridley (Lepidochelys olivacea) turtles on arribada nesting beaches (Unpublished PhD dissertation, Drexel University). Retrieved from https://na-st01.ext.exlibrisgroup.com/01DRXU_INST/upload/1737474596134/idea_2824_OBJ.pdf?Expires=1737474716&Signature=RpYaO9AHt2Y5951BZaCcpKDWg0CyzNBEdM~swM8CMSiO15xTr9EuC91MbYrTIAx~Itcakni7J~Uo5Brp2lVNDowGMQbHd0lpjiqRLLOSGmfASeeiv70bouaLKzXsC6wiGaRDFLqQiEcSEXw7gdKlOOM2J4VW1L4azE2ZjzJ5DxBkBg1qCl-fpbm49necfPg8u~WhDhSVesi1mXY25IgHQzquBGzLZZ~6FJRMfdAXRvfs47zgyy4M7ewqW-g4kegxFP-DqIy5EC-xlFALaPgyZgF7UaPhlySfCLKcKlWRmY-ViUs-qM2bGNRAJvN9P2GI-AHC1kp4jmURCbopVdvAdQ__&Key-Pair-Id=APKAJ72OZCZ36VGVASIA",0,0,
"Lepidochelys_olivacea, 20.6264155, 86.918976",1-Jan,31-May,16-Jan,15-Jul,"2,3,4,5,6","Behera, S., Tripathy, B., & Choudhury, B. C. (2015). World's largest olive ridley turtles Lepidochelys olivacea nesting grounds: Gahirmatha rookery now uncertain for arribada in future, East-Coast of India. The Herpetological Bulletin, 130, 18-20.",Figure 2,55,,,"Behera, S., Tripathy, B., Sivakumar, K., Choudhury, B. C., Dutta, S. K., & Pandav, B. (2018). Nesting space dynamics and its relationship with the arribada of olive ridley turtles at Gahirmatha Rookery, east coast of India. Journal of Herpetology, 52(4), 381-386.",0,0,Peak nesting based on solitary nesters and not arribadas
"Lepidochelys_olivacea, 23.090302, -109.604738",1-Jul,30-Nov,16-Jul,14-Jan,"8,9,10,11,12","López-Castro, M. C., Carmona, R., & Nichols, W. J. (2004). Nesting characteristics of the olive ridley turtle (Lepidochelys olivacea) in Cabo Pulmo, southern Baja California. Marine Biology, 145, 811-820.",Text,42,,72,"López-Castro, M. C., Carmona, R., & Nichols, W. J. (2004). Nesting characteristics of the olive ridley turtle (Lepidochelys olivacea) in Cabo Pulmo, southern Baja California. Marine Biology, 145, 811-820.",0,0,Data from nearby nesting beaches in southern Baja California
"Lepidochelys_olivacea, 23.392719, -106.5512355",1-Jul,31-Dec,16-Jul,14-Feb,"8,9,10,11,12,1","Sosa-Cornejo, I., Peinado-Guevara, L. I., Contreras-Aguilar, H. R., Enciso-Saracho, F., Sandoval-Bautista, M., Enciso-Padilla, I., & Campista-León, S. (2022). Evaluation of nest management phases for Lepidochelys olivacea at two beaches in northwest Mexico. Environmental Monitoring and Assessment, 194, 130.",Text,,45,,"Sosa-Cornejo, I., Peinado-Guevara, L. I., Contreras-Aguilar, H. R., Enciso-Saracho, F., Sandoval-Bautista, M., Enciso-Padilla, I., & Campista-León, S. (2022). Evaluation of nest management phases for Lepidochelys olivacea at two beaches in northwest Mexico. Environmental Monitoring and Assessment, 194, 130.",0,0,"Data from nearby nesting beaches in Sinaloa, Mexico"
"Lepidochelys_olivacea, -10.73901389, -36.84907778",1-Sep,31-Mar,16-Sep,15-May,"10,11,12,1,2,3,4","da Silva, A. C. C. D., de Castilhos, J. C., Lopez, G. G., & Barata, P. C. R. (2007). Nesting biology and conservation of the olive ridley sea turtle (Lepidochelys olivacea) in Brazil, 1991/1992 to 2002/2003. Journal of the Marine Biological Association of the United Kingdom, 87(4), 1046-1056.",Figure 3,41,50.6,72,"da Silva, A. C. C. D., de Castilhos, J. C., Lopez, G. G., & Barata, P. C. R. (2007). Nesting biology and conservation of the olive ridley sea turtle (Lepidochelys olivacea) in Brazil, 1991/1992 to 2002/2003. Journal of the Marine Biological Association of the United Kingdom, 87(4), 1046-1056.",0,0,
"Macrochelys_temminckii, 29.9251295, -85.0121755",20-Apr,20-May,12-May,26-Jul,"5,6,7","Jackson, D. R., & Ewert, M. A. (2023). Nesting ecology of the alligator snapping turtle (Macrochelys temminckii) along the Lower Apalachicola River, Florida. Southeastern Naturalist, 22(Special Issue 12), 311-334.",Text,75,,131,"Jackson, D. R., & Ewert, M. A. (2023). Nesting ecology of the alligator snapping turtle (Macrochelys temminckii) along the Lower Apalachicola River, Florida. Southeastern Naturalist, 22(Special Issue 12), 311-334.",0,0,
"Macrochelys_temminckii, 34.7522945, -90.963746",20-Apr,30-Jun,12-May,5-Sep,"5,6,7,8","Ernst, C. H., & Lovich, J. E. (2009) Turtles of the United States and Canada. Johns Hopkins University Press, Baltimore.",Text,78,94.7,142,"Ernst, C. H., & Lovich, J. E. (2009) Turtles of the United States and Canada. Johns Hopkins University Press, Baltimore.",0,0,Rangewide; incubation duration data includes some constant temperature incubations
"Malaclemys_terrapin, 39.162667, -74.6824625",NA,,,,,,,,,,,,,No accurate Tpiv or TRT estimate
"Malaclemys_terrapin, 38.4491025, -76.6622235",20-May,31-Jul,11-Jun,6-Oct,"6,7,8,9","Roosenberg, W. M. (1992). Life history consequences of nest site choice by the diamondback terrapin, Malaclemys terrapin (Unpublished PhD dissertation, University of Pennsylvania, Philadelphia). Retrieved from https://www.proquest.com/docview/303995028?pq-origsite=gscholar&fromopenview=true&sourcetype=Dissertations%20&%20Theses",Table 9,62.7,,120,"Roosenberg, W. M. (1992). Life history consequences of nest site choice by the diamondback terrapin, Malaclemys terrapin (Unpublished PhD dissertation, University of Pennsylvania, Philadelphia). Retrieved from https://www.proquest.com/docview/303995028?pq-origsite=gscholar&fromopenview=true&sourcetype=Dissertations%20&%20Theses",0,0,
"Malaclemys_terrapin, 40.6174125, -73.8258475",1-Jun,31-Jul,23-Jun,6-Oct,"7,8,9","Feinberg, J. A. (2004). Nest predation and ecology of terrapins, Malaclemys terrapin terrapin, at the Jamaica Bay Wildlife Refuge. In C. W. Swarth, W. M. Roosenberg, & E. Kiviat (Eds.), Conservation and Ecology of Turtles of the Mid-Atlantic Region: A Symposium (pp. 5-12). Bibliomania!, Salt Lake City, Utah.",Text,,81,,"Cook, R. (1989). A natural history of the diamondback terrapin. Underwater Naturalist, 18, 25-31.",0,0,
"Malacochersus_tornieri, -3.317054, 35.917324",20-Aug,20-Sep,11-Sep,26-Nov,"9,10,11","Ngwava, J. M., Xiao, F., Malonza, P. K., Bwong, B. A., & Shi, H.-T. (2024). Reproductive ecology of the critically endangered pancake tortoise (Malacochersus tornieri) in the wild. Wildlife Biology, 2024(5), e01181.",Text,173,177,181,"Ngwava, J. M., Xiao, F., Malonza, P. K., Bwong, B. A., & Shi, H.-T. (2024). Reproductive ecology of the critically endangered pancake tortoise (Malacochersus tornieri) in the wild. Wildlife Biology, 2024(5), e01181.",1,0,"Data from a population in Kitui County, Kenya; TSP months determined based on embryonic diapause (~90 days) and incubation data (~90 days) in Ewert et al. (2004) Journal of Herpetology"
"Malayemys_macrocephala, 14.3532445, 100.447429",1-Dec,28-Feb,31-Dec,29-May,"1,2,3,4,5","Pewphong, R., Kitana, J., & Kitana, N. (2013). Effect of incubation temperature on the somatic development of the snail-eating turtle Malayemys macrocephala. Asian Herpetological Research, 4(4), 254-262.",Text,78,115,150,"Pewphong, R., Kitana, J., & Kitana, N. (2013). Effect of incubation temperature on the somatic development of the snail-eating turtle Malayemys macrocephala. Asian Herpetological Research, 4(4), 254-262.",0,0,Incubation duration data from constant temperature incubations (29 C)
"Manouria_impressa, 15.525993, 101.089441",NA,,,,,,,,,,,,,No accurate Tpiv or TRT estimate
"Mauremys_annamensis, 14.5504465, 108.6595395",1-May,30-Jun,23-May,5-Sep,"6,7,8","McCormack, T. E. M., Dawson, J. E., Hendrie, D. B., Ewert, M. A., Iverson, J. B., Hatcher, R. E., & Goode, J. M. (2014). Mauremys annamensis (Siebenrock 1903) - Vietnamese pond turtle, Annam pond turtle, Rùa Trung B?. Chelonian Research Monographs, 5(7), 81.1-81.14.",Text,80,,131,"McCormack, T. E. M., Dawson, J. E., Hendrie, D. B., Ewert, M. A., Iverson, J. B., Hatcher, R. E., & Goode, J. M. (2014). Mauremys annamensis (Siebenrock 1903) - Vietnamese pond turtle, Annam pond turtle, Rùa Trung B?. Chelonian Research Monographs, 5(7), 81.1-81.14.",0,0,Rangewide; nesting season under semi-natural conditions; incubation duration data from constant temperature incubations (25-30 C)
"Mauremys_japonica, 34.881458, 136.925327",1-May,31-Aug,16-May,15-Oct,"6,7,8,9","Okada, Y., Yabe, T., & Oda, S.-I. (2010). Temperature-dependent sex determination in the Japanese pond turtle, Mauremys japonica (Reptilia: Geoemydidae). Current Herpetology, 29(1), 1-10.",Text,42,,96,"Okada, Y., Yabe, T., & Oda, S.-I. (2010). Temperature-dependent sex determination in the Japanese pond turtle, Mauremys japonica (Reptilia: Geoemydidae). Current Herpetology, 29(1), 1-10.",0,0,Nesting season under semi-natural conditions; incubation duration data from constant temperature incubations (24-30 C)
"Mauremys_mutica, 24.4212915, 114.3102285",1-Apr,31-Aug,16-Apr,15-Oct,"5,6,7,8,9","Zhao, B., Chen, Y., Lu, H.-L., Zeng, Z.-G., & Du, W.-G. (2014). Latitudinal differences in temperature effects on the embryonic development and hatchling phenotypes of the Asian yellow pond turtle, Mauremys mutica. Biological Journal of the Linnean Society, 114, 35-43.",Text,,60,,"Zhao, B., Chen, Y., Lu, H.-L., Zeng, Z.-G., & Du, W.-G. (2014). Latitudinal differences in temperature effects on the embryonic development and hatchling phenotypes of the Asian yellow pond turtle, Mauremys mutica. Biological Journal of the Linnean Society, 114, 35-43.",0,0,Captive populations; incubation duration data from constant temperature incubation (28 C)
"Mauremys_reevesii, 30.4295295, 122.2641095",20-May,10-Aug,4-Jun,24-Sep,"6,7,8,9","Lovich, J. E., Yasukawa, Y., & Ota, H. (2011). Mauremys reevesii (Gray 1831) - Reeves' turtle, Chinese three-keeled pond turtle. Chelonian Research Monographs, 5, 50.1-50.10.",Text,,60,,"Lovich, J. E., Yasukawa, Y., & Ota, H. (2011). Mauremys reevesii (Gray 1831) - Reeves' turtle, Chinese three-keeled pond turtle. Chelonian Research Monographs, 5, 50.1-50.10.",0,0,Rangewide; incubation duration data from constant temperature incubation (30 C)
"Mauremys_reevesii, 34.996765, 135.7685655",20-May,31-Jul,4-Jun,14-Sep,"6,7,8","Ishihara, S. (1989). Temperature-dependent sex determination (TSD) in embryo after egg-laying by freshwater turtle, Chinemys reevesi. (Reptilia; Emydidae). Bulletin of Kyoto University of Education, Ser. B, 74, 27-38.",Text,30,53,72,"Ishihara, S. (1989). Temperature-dependent sex determination (TSD) in embryo after egg-laying by freshwater turtle, Chinemys reevesi. (Reptilia; Emydidae). Bulletin of Kyoto University of Education, Ser. B, 74, 27-38.",0,0,Incubation duration data from constant temperature incubation (30 C)
"Mauremys_reevesii, 32.217146, 113.8422375",20-May,10-Aug,4-Jun,24-Sep,"6,7,8,9","Lovich, J. E., Yasukawa, Y., & Ota, H. (2011). Mauremys reevesii (Gray 1831) - Reeves' turtle, Chinese three-keeled pond turtle. Chelonian Research Monographs, 5, 50.1-50.10.",Text,,61.84,,"Li, H.-J., & Cui, Y.-Y. (2011). Temperature effects on sex determination in Chinemys reevesii. Journal of Xinyang Normal University, Natural Science Edition, 24(1), 68-70.",0,0,Nesting season is not population specific; incubation duration data from constant temperature incubation (29 C)
"Mauremys_sinensis, 22.899816, 113.6410245",1-Apr,31-Aug,16-Apr,15-Oct,"5,6,7,8,9",,,,,,,,,Unable to find nesting or incubation data - data based on other Mauremys species
"Melanochelys_trijuga, 18.267259, 86.746364",10-Oct,31-May,9-Nov,29-Aug,"11,12,1,2,3,4,5,6,7,8","Das, I., & Bhupathy, S. (2009). Melanochelys trijuga (Schweigger 1812) - Indian black turtle. Chelonian Research Monographs, 5, 38.1-38.9.",Text,52,109.2,407,"Das, I., & Bhupathy, S. (2009). Melanochelys trijuga (Schweigger 1812) - Indian black turtle. Chelonian Research Monographs, 5, 38.1-38.9.",1,0,Peak nesting from Mitchell & Rhodin (1996) Chelonian Conservation and Biology; unable to account for embryonic diapause
"Pelomedusa_subrufa, NA, NA",NA,,,,,,,,,,,,,No location information
"Peltocephalus_dumerilianus, -0.406805556, -63.44736111",NA,,,,,,,,,,,,,No accurate Tpiv or TRT estimate
"Pelusios_castaneus, 1.397743, 2.266259",1-Feb,31-Mar,3-Mar,29-Jun,"3,4,5,6","Bour, R., Luiselli, L., Petrozzi, F., Segniagbeto, G. H., & Chirio, L. (2016). Pelusios castaneus (Schweigger 1812) - West African mud turtle, swamp terrapin. Chelonian Research Monographs, 5(9), 95.1-95.11.",Text,,120,,"Bour, R., Luiselli, L., Petrozzi, F., Segniagbeto, G. H., & Chirio, L. (2016). Pelusios castaneus (Schweigger 1812) - West African mud turtle, swamp terrapin. Chelonian Research Monographs, 5(9), 95.1-95.11.",0,0,Nesting season differs in northern (Feb-Mar) and southern (Jul-Sep) hemispheres - data are for northern hemisphere since this encompasses most of the species range
"Podocnemis_expansa, -1.008516, -71.64148",NA,,,,,,,,,,,,,No accurate Tpiv or TRT estimate
"Podocnemis_expansa, -0.838776, -71.866745",1-Sep,28-Feb,16-Sep,14-Apr,"10,11,12,1,2,3","Valenzuela, N. (2001). Constant, shift, and natural temperature effects on sex determination in Podocnemis expansa turtles. Ecology, 82(11), 3010-3024.",Text,58,60,63,"Valenzuela, N. (2001). Constant, shift, and natural temperature effects on sex determination in Podocnemis expansa turtles. Ecology, 82(11), 3010-3024.",0,0,
"Podocnemis_expansa, -9.9714295, -50.094228",10-Aug,20-Oct,25-Aug,4-Dec,"9,10,11","Ferreira Júnior, P. D., & Castro, P. T. A. (2010). Nesting ecology of Podocnemis expansa (Schweigger, 1812) and Podocnemis unifilis (Troschel, 1848) (Testudines, Podocnemididae) in the Javaés River, Brazil. Brazilian Journal of Biology, 70(1), 85-94.",Figure 1,45,54.9,70,"Ferreira Júnior, P. D., & Castro, P. T. A. (2003). Geological control of Podocnemis expansa and Podocnemis unifilis nesting areas in Rio Javaés, Bananal Island, Brazil. Acta Amazonica, 33(3), 445-468.",0,0,
"Podocnemis_expansa, -13.394375, -50.658355",10-Sep,10-Oct,25-Sep,24-Nov,"10,11","Ferreira Júnior, P. D., & Castro, P. T. A. (2005). Nest placement of the giant Amazon river turtle, Podocnemis expansa, in the Araguaia River, Goiás State Brazil. Ambio, 34(3), 212-217.",Figure 3B,,,,,0,0,
"Podocnemis_lewyana, 7.8470115, -74.437783",1-Feb,31-May,16-Feb,15-Jul,"3,4,5,6","Correa-H, J. C., Cano-Castaño, A. M., Páez, V. P., & Restrepo, A. (2010). Reproductive ecology of the Magdalena River turtle (Podocnemis lewyana) in the Mompos Depression, Colombia. Chelonian Conservation and Biology, 9(1), 70-78.",Text,50,59.1,89,"Correa-H, J. C., Cano-Castaño, A. M., Páez, V. P., & Restrepo, A. (2010). Reproductive ecology of the Magdalena River turtle (Podocnemis lewyana) in the Mompos Depression, Colombia. Chelonian Conservation and Biology, 9(1), 70-78.",0,0,
"Podocnemis_lewyana, 9.0329265, -75.869978",1-Dec,31-Mar,16-Dec,15-May,"1,2,3,4,8,9","Gallego-García, N., & Castaño-More, O. V. (2008). Ecology and status of the Magdalena River turtle, Podocnemis lewyana, a Colombian endemic. Chelonian Conservation and Biology, 7(1), 37-44.",Text,66,,70,"Gallego-García, N., & Castaño-More, O. V. (2008). Ecology and status of the Magdalena River turtle, Podocnemis lewyana, a Colombian endemic. Chelonian Conservation and Biology, 7(1), 37-44.",0,0,Short second nesting season in July/August - included in relevant months; incubation duration data from constant temperature incubation (32.4 C)
"Podocnemis_unifilis, -12.4710445, -63.8965685",1-Aug,31-Oct,16-Aug,15-Dec,"9,10,11","de Souza, R. R., & Vogt, R. C. (1994). Incubation temperature influences sex and hatchling size in the neotropical turtle Podocnemis unifilis. Journal of Herpetology, 28(4), 453-464.",Text,,62,,"de Souza, R. R., & Vogt, R. C. (1994). Incubation temperature influences sex and hatchling size in the neotropical turtle Podocnemis unifilis. Journal of Herpetology, 28(4), 453-464.",0,0,Incubation duration estimated from figure 1; nesting season determined by subtracting incubation duration from last day of field work (December)
"Podocnemis_unifilis, -1.4369195, -70.710111",NA,,,,,,,,,,,,,No accurate Tpiv or TRT estimate
"Podocnemis_unifilis, -11.955611, -53.509643",1-Jun,31-Aug,16-Jun,15-Oct,"7,8,9","Gomes, A. S. (2011). Razão sexual de Podocnemis unifilis no Parque Indígena do Xingu, Mato Grosso, Brasil (Unpublished master's thesis, Universidade Vila Velha, Vila Velha, Brazil). Retrieved from https://repositorio.uvv.br/handle/123456789/395",Text,,,,,,,
"Podocnemis_vogli, 4.903391, -70.4720135",NA,,,,,,,,,,,,,No accurate Tpiv or TRT estimate
"Pseudemys_concinna, 35.8369865, -85.9799225",20-Mar,30-Jun,11-Apr,5-Sep,"4,5,6,7,8","Ward, J. P., & Jackson, D. R. (2008). Pseudemys concinna (Le Conte 1830) - River cooter. Chelonian Research Monographs, 5, 6.1-6.7.",Text,70,,90,"Ward, J. P., & Jackson, D. R. (2008). Pseudemys concinna (Le Conte 1830) - River cooter. Chelonian Research Monographs, 5, 6.1-6.7.",0,0,
"Pseudemys_concinna, 30.2269465, -84.2803645",20-Mar,20-Aug,11-Apr,26-Oct,"4,5,6,7,8,9,10","Jackson, D. R., & Walker, R. N. (1997). Reproduction in the Suwannee cooter, Pseudemys concinna suwanniensis. Bulletin of the Florida Museum of Natural History, 41(2), 69-167.",Table 6,80,84.5,90,"Jackson, D. R., & Walker, R. N. (1997). Reproduction in the Suwannee cooter, Pseudemys concinna suwanniensis. Bulletin of the Florida Museum of Natural History, 41(2), 69-167.",0,0,Incubation duration data from naturally fluctuating incubation
"Pseudemys_floridana, 30.132814, -84.4878465",20-Sep,30-Jun,5-Oct,14-Aug,"10,11,12,1,2,3,4,5,6,7","Jackson, D. R. (1988). Reproductive strategies of sympatric freshwater emydid turtles in northern peninsular Florida. Bulletin of the Florida State Museum, Biological Sciences, 33(3), 113-158.",Figure 2,62,65.92307692,71,"Jackson, D. R. (1988). Reproductive strategies of sympatric freshwater emydid turtles in northern peninsular Florida. Bulletin of the Florida State Museum, Biological Sciences, 33(3), 113-158.",0,0,Data from northern peninsular Florida; Incubation duration data from constant temperature incubation (30 C)
"Pseudemys_nelsoni, 27.790153, -82.733461",1-May,31-Aug,16-May,15-Oct,"6,7,8,9","Jackson, D. R. (1988). Reproductive strategies of sympatric freshwater emydid turtles in northern peninsular Florida. Bulletin of the Florida State Museum, Biological Sciences, 33(3), 113-158.",Figure 2,48,48.8,50,"Jackson, D. R. (1988). Reproductive strategies of sympatric freshwater emydid turtles in northern peninsular Florida. Bulletin of the Florida State Museum, Biological Sciences, 33(3), 113-158.",0,0,Data from northern peninsular Florida; Incubation duration data from constant temperature incubation (29.5 C)
"Pseudemys_texana, 31.0514145, -98.7093235",20-Apr,30-Jun,12-May,5-Sep,"5,6,7,8","Rose, F. L. (2011). Annual frequency of clutches of Pseudemys texana and Trachemys scripta at the headwaters of the San Marcos River in Texas. Southwestern Naturalist, 56(1), 61-65.",Text,,,,,0,0,Assumed 90 day incubation based on natural nest incubations of other Pseudemys
"Rhinoclemmys_areolata, 18.36754, -91.8317355",1-May,31-Jul,23-May,6-Oct,"6,7,8,9","Vogt, R. C., Platt, S. G., & Rainwater, T. R. (2009). Rhinoclemmys areolata (Duméril and Bibron 1851) - Furrowed wood turtle, black-bellied turtle, mojena. Chelonian Research Monographs, 5, 22.1-22.7.",Text,89,,90,"Vogt, R. C., Platt, S. G., & Rainwater, T. R. (2009). Rhinoclemmys areolata (Duméril and Bibron 1851) - Furrowed wood turtle, black-bellied turtle, mojena. Chelonian Research Monographs, 5, 22.1-22.7.",1,0,Rangewide; also nest in October in Veracruz; may enter diapause for up to 6 months
"Rhinoclemmys_pulcherrima, 18.5820325, -96.332811",10-Jul,28-Feb,31-Aug,4-Aug,"9,10,11,12,1,2,3,4,5,6,7","Legler, J. M., & Vogt, R. C. (2013). The Turtles of Mexico: Land and Freshwater Forms. University of California Press.",Text,121,214,346,"Legler, J. M., & Vogt, R. C. (2013). The Turtles of Mexico: Land and Freshwater Forms. University of California Press.",1,0,"Data from a captive population held outdoors in Oaxaca, Mexico; unable to account for known diapause when determining TSP months"
"Sternotherus_carinatus, 32.28193, -93.2729625",1-May,10-Jul,31-May,8-Oct,"6,7,8,9","Lindeman, P. V. (2008). Sternotherus carinatus (Gray 1856) - Razorback musk turtle, razor-backed musk turtle. Chelonian Research Monographs, 5, 12.1-12.6.",Text,109,,139,"Lindeman, P. V. (2008). Sternotherus carinatus (Gray 1856) - Razorback musk turtle, razor-backed musk turtle. Chelonian Research Monographs, 5, 12.1-12.6.",0,0,Nesting season data from Arkansas and Oklahoma; incubation durations from constant temperature incubations (28-30 C)
"Sternotherus_minor, 29.9251295, -85.0121755",20-Oct,10-Jul,11-Nov,15-Sep,"11,12,1,2,3,4,5,6,7,8","Iverson, J. B. (1978). Reproductive cycle of female loggerhead musk turtles (Sternotherus minor minor) in Florida. Herpetologica, 34(1), 33-39.",Table 1,90,99.7,119,"Iverson, J. B. (1978). Reproductive cycle of female loggerhead musk turtles (Sternotherus minor minor) in Florida. Herpetologica, 34(1), 33-39.",0,0,Incubation durations from constant temperature incubations (27-29 C); data from nearby northern Florida populations
"Sternotherus_odoratus, 34.371102, -86.243556",1-Mar,31-Jul,31-Mar,29-Oct,"4,5,6,7,8,9,10","McPherson, R. J., & Marion, K. R. (1983). Reproductive variation between two populations of Sternotherus odoratus in the same geographic area. Journal of Herpetology, 17(2), 181-184.",Table 1,,,,,0,0,Nesting season data from other Alabama populations
"Sternotherus_odoratus, 39.0422895, -86.2459755",1-Jun,10-Jul,1-Jul,8-Oct,"7,8,9","Baker, P. J., Costanzo, J. P., Iverson, J. B., & Lee Jr., R. E. (2013). Seasonality and interspecific and intraspecific asynchrony in emergence from the nest by hatchling freshwater turtles. Canadian Journal of Zoology, 91(7), 451-461.",Figure 1,105,107,109,"Baker, P. J., Costanzo, J. P., Iverson, J. B., & Lee Jr., R. E. (2013). Seasonality and interspecific and intraspecific asynchrony in emergence from the nest by hatchling freshwater turtles. Canadian Journal of Zoology, 91(7), 451-461.",0,0,Data from a different Indiana population
"Stigmochelys_pardalis, -11.916498, 30.377801",NA,,,,,,,,,,,,,No accurate Tpiv or TRT estimate
"Terrapene_carolina, 38.905738, -77.033739",NA,,,,,,,,,,,,,No accurate Tpiv or TRT estimate
"Terrapene_carolina, 39.0422895, -86.2459755",10-Jun,10-Jul,25-Jun,24-Aug,"7,8","Flitz, B. A., & Mullin, S. J. (2006). Nest-site selection in the eastern box turtle, Terrapene carolina carolina, in Illinois. Chelonian Conservation and Biology, 5(2), 309-312.",Text,50,73,110,"Ernst, C. H., & Lovich, J. E. (2009) Turtles of the United States and Canada. Johns Hopkins University Press, Baltimore.",0,0,Nesting season data from population in Illinois at a similar latitude; incubation duration data are not population specific
"Terrapene_carolina, 27.7713485, -82.172115",NA,,,,,,,,,,,,,No accurate Tpiv or TRT estimate
"Testudo_graeca, 37.2205075, 25.4312235",1-Apr,31-Jul,23-Apr,6-Oct,"5,6,7,8,9","Escoriza, D., Díaz-Paniagua, C., Andreu, A., & Hassine, J. B. (2022). Testudo graeca Linnaeus 1758 (Western subspecies clade: Testudo g. graeca, T. g. cyrenaica, T. g. marokkensis, T. g. nabeulensis, T. g. whitei) - Mediterranean spur-thighed tortoise, Moorish tortoise, Libyan tortoise, Moroccan tortoise, Tunisian tortoise, Souss Valley tortoise. Chelonian Research Monographs, 5(16), 117.1-117.18.",Text,82,94.9,140,"Escoriza, D., Díaz-Paniagua, C., Andreu, A., & Hassine, J. B. (2022). Testudo graeca Linnaeus 1758 (Western subspecies clade: Testudo g. graeca, T. g. cyrenaica, T. g. marokkensis, T. g. nabeulensis, T. g. whitei) - Mediterranean spur-thighed tortoise, Moorish tortoise, Libyan tortoise, Moroccan tortoise, Tunisian tortoise, Souss Valley tortoise. Chelonian Research Monographs, 5(16), 117.1-117.18.",0,0,Rangewide
"Testudo_graeca, 32.656925, 35.481161",1-Apr,30-Jun,23-Apr,5-Sep,"5,6,7,8","Bernheim, M. (2014). ""Circle of life"" of the species Testudo graeca in Israel: Effect of temperatures on sex determination, and yearly activity patterns, habitats preference and home range utilization (Unpublished master's thesis, University of Haira, Israel). Retrieved from https://www.proquest.com/docview/2585368857?fromopenview=true&pq-origsite=gscholar&sourcetype=Dissertations%20&%20Theses",Text,,90,,"Bernheim, M. (2014). ""Circle of life"" of the species Testudo graeca in Israel: Effect of temperatures on sex determination, and yearly activity patterns, habitats preference and home range utilization (Unpublished master's thesis, University of Haira, Israel). Retrieved from https://www.proquest.com/docview/2585368857?fromopenview=true&pq-origsite=gscholar&sourcetype=Dissertations%20&%20Theses",0,0,
"Testudo_hermanni, 41.313016, 19.952719",10-Apr,10-Jul,2-May,15-Sep,"5,6,7,8","Bertolero, A., Cheylan, M., Hailey, A., Livoreil, B., & Willemsen, R. E. (2011). Testudo hermanni (Gmelin 1789) - Hermann's tortoise. Chelonian Research Monographs, 5, 59.1-59.20.",Text,90,,124,"Bertolero, A., Cheylan, M., Hailey, A., Livoreil, B., & Willemsen, R. E. (2011). Testudo hermanni (Gmelin 1789) - Hermann's tortoise. Chelonian Research Monographs, 5, 59.1-59.20.",0,0,Rangewide
"Trachemys_callirostris, 9.1236995, -74.61411",1-Dec,31-May,16-Dec,15-Jul,"1,2,3,4,5,6","Bock, B. C., Páez, V. P., & Daza, J. M. (2010). Trachemys callirostris (Gray 1856) - Colombian slider, jicotea, hicotea, galapago, morrocoy de agua. Chelonian Research Monographs, 5, 42.1-42.9.",Text,53,,56,"Bock, B. C., Páez, V. P., & Daza, J. M. (2010). Trachemys callirostris (Gray 1856) - Colombian slider, jicotea, hicotea, galapago, morrocoy de agua. Chelonian Research Monographs, 5, 42.1-42.9.",0,0,Nesting may begin in December; some nests also occur in second dry season (July and August)
"Trachemys_decorata, 18.147184, -72.733783",NA,,,,,,,,,,,,,Rangewide; unable to find nesting or incubation data
"Trachemys_scripta, 32.59119, -87.368252",1-May,31-Jul,16-May,14-Sep,"6,7,8",,,,,,,0,0,
"Trachemys_scripta, 36.4167875, -89.378776",1-May,31-Jul,16-May,14-Sep,"6,7,8","Cagle, F. R. (1937). Egg laying habits of the slider turtle (Pseudemys troostii), the painted turtle (Chrysemys picta), and the musk turtle (Sternotherus odoratus). Journal of the Tennessee Academy of Science, 12, 87-95.",,,,,,0,0,
"Trachemys_scripta, 30.3259625, -97.7720965",1-Apr,10-Aug,16-Apr,24-Sep,"5,6,7,8,9","Aresco, M. J. (2004). Reproductive ecology of Pseudemys floridana and Trachemys scripta (Testudines: Emydidae) in northwestern Florida. Journal of Herpetology, 38(2), 249-256.",Text,,,,,0,0,"Nesting season data from nearby population in Leon County, Florida; Incubation durations from constant temperature incubations (28 C)"
"Trachemys_scripta, 30.5040795, -90.4592465",NA,,,,,,,,,,,,,No accurate Tpiv or TRT estimate
"Trachemys_scripta, 29.9251295, -85.0121755",1-Apr,10-Aug,16-Apr,24-Sep,"5,6,7,8,9","Aresco, M. J. (2004). Reproductive ecology of Pseudemys floridana and Trachemys scripta (Testudines: Emydidae) in northwestern Florida. Journal of Herpetology, 38(2), 249-256.",Text,,66,,"Jackson, D. R. (1988). Reproductive strategies of sympatric freshwater emydid turtles in northern peninsular Florida. Bulletin of the Florida State Museum, Biological Sciences, 33(3), 113-158.",0,0,"Nesting season data from nearby population in Leon County, Florida; Incubation durations from constant temperature incubations (28 C)"
"Trachemys_scripta, 38.984438, -90.499538",10-May,10-Jul,25-May,24-Aug,"6,7,8","Tucker, J. K. (1997). Natural history notes on nesting, nests, and hatchling emergence in the red-eared slider turtle, Trachemys scripta elegans, in west-central Illinois. Illinois Natural History Survey Biological Notes, 140, 1-13.",Text,,62.46290909,,"Tucker, J. K., & Warner, D. A. (1999). Microgeographic variation in response of red-eared slider (Trachemys scripta elegans) embryos to similar incubation environments. Journal of Herpetology, 33(4), 549-557.",0,0,Incubation durations from artificially incubated eggs - exact conditions unclear
"Trachemys_scripta, 33.883831, -92.9515955",1-Apr,31-Aug,16-Apr,15-Oct,"5,6,7,8,9","Ernst, C. H., & Lovich, J. E. (2009) Turtles of the United States and Canada. Johns Hopkins University Press, Baltimore.",Text,61.1,76.8,108,"Ernst, C. H., & Lovich, J. E. (2009) Turtles of the United States and Canada. Johns Hopkins University Press, Baltimore.",0,0,Rangewide
"Trachemys_scripta, 40.4619, -89.9236",20-May,20-Jul,4-Jun,3-Sep,"6,7,8","Paitz, R. T., Clairardin, S. G., Gould, A. C., Hicke, J. W., Zimmerman, L. M., & Bowden, R. M. (2014). Corticosterone levels during the nesting process in red-eared sliders (Trachemys scripta). Journal of Herpetology, 48(4), 567-570.",Text,,61,,"Les, H. L., Paitz, R. T., & Bowden, R. M. (2007). Experimental test of the effects of fluctuating incubation temperatures on hatchling phenotype. Journal of Experimental Zoology, 307A(5), 274-280.",0,0,Incubation durations from constant temperature incubations (28.5 C)
"Trachemys_venusta, 17.4911865, -93.04148575",1-Feb,10-Jun,16-Feb,25-Jul,"3,4,5,6,7","Legler, J. M., & Vogt, R. C. (2013). The Turtles of Mexico: Land and Freshwater Forms. University of California Press.",Text,42,,74,"Legler, J. M., & Vogt, R. C. (2013). The Turtles of Mexico: Land and Freshwater Forms. University of California Press.",0,0,Incubation durations from constant temperature incubations (27.5-30.5 C)
